date,price
2007/12/31,61.450001
2008/1/2,60.099998
2008/1/3,59.099998
2008/1/4,59.099998
2008/1/7,56.400002
2008/1/8,56.950001
2008/1/9,58
2008/1/10,57.900002
2008/1/11,57.650002
2008/1/14,58.799999
2008/1/15,61.049999
2008/1/16,58.400002
2008/1/17,58.150002
2008/1/18,58.5
2008/1/21,57.700001
2008/1/22,53.700001
2008/1/23,53.599998
2008/1/24,55
2008/1/25,56.400002
2008/1/28,54.599998
2008/1/29,55.099998
2008/1/30,54.950001
2008/1/31,54.950001
2008/2/1,56.400002
2008/2/12,54.950001
2008/2/13,54.799999
2008/2/14,57.799999
2008/2/15,57.299999
2008/2/18,57.200001
2008/2/19,58
2008/2/20,56.900002
2008/2/21,58.549999
2008/2/22,58.799999
2008/2/25,60
2008/2/26,60.200001
2008/2/27,60.700001
2008/2/29,60.849998
2008/3/3,59.150002
2008/3/4,60.700001
2008/3/5,60.900002
2008/3/6,62.299999
2008/3/7,61.400002
2008/3/10,59.599998
2008/3/11,60.099998
2008/3/12,60.650002
2008/3/13,59.099998
2008/3/14,58.450001
2008/3/17,57.349998
2008/3/18,57.900002
2008/3/19,58.5
2008/3/20,59.950001
2008/3/21,61.549999
2008/3/24,64.150002
2008/3/25,63.049999
2008/3/26,62.400002
2008/3/27,61.200001
2008/3/28,62
2008/3/31,60.450001
2008/4/1,60.049999
2008/4/2,61.75
2008/4/3,61.200001
2008/4/7,62.200001
2008/4/8,61.599998
2008/4/9,61.599998
2008/4/10,62.599998
2008/4/11,63.5
2008/4/14,63.200001
2008/4/15,63.150002
2008/4/16,64.199997
2008/4/17,64.650002
2008/4/18,64.400002
2008/4/21,64.599998
2008/4/22,64.400002
2008/4/23,63.75
2008/4/24,63.450001
2008/4/25,63.5
2008/4/28,64.150002
2008/4/29,63.5
2008/4/30,63.900002
2008/5/2,64.199997
2008/5/5,62.950001
2008/5/6,63.049999
2008/5/7,63.599998
2008/5/8,62.700001
2008/5/9,62.25
2008/5/12,62.700001
2008/5/13,63.900002
2008/5/14,64.150002
2008/5/15,65.050003
2008/5/16,65.400002
2008/5/19,65.650002
2008/5/20,64
2008/5/21,63.400002
2008/5/22,63.450001
2008/5/23,62.450001
2008/5/26,61.599998
2008/5/27,62.200001
2008/5/28,61.700001
2008/5/29,62.299999
2008/5/30,62.200001
2008/6/2,62.599998
2008/6/3,61.599998
2008/6/4,61.799999
2008/6/5,62.700001
2008/6/6,62.700001
2008/6/9,61.150002
2008/6/10,59.700001
2008/6/11,59.900002
2008/6/12,58.450001
2008/6/13,58.799999
2008/6/16,59.099998
2008/6/17,59.5
2008/6/18,59.599998
2008/6/19,58.450001
2008/6/20,57.200001
2008/6/23,57.349998
2008/6/24,56.900002
2008/6/25,57.5
2008/6/26,57.049999
2008/6/27,55.25
2008/6/30,55
2008/7/1,54.900002
2008/7/2,54.299999
2008/7/3,54.200001
2008/7/4,52.599998
2008/7/7,53.549999
2008/7/8,51.700001
2008/7/9,51.450001
2008/7/10,51.700001
2008/7/11,52.900002
2008/7/14,52.200001
2008/7/15,49.900002
2008/7/16,49.5
2008/7/17,52.200001
2008/7/18,51
2008/7/21,53.75
2008/7/22,52.900002
2008/7/23,54.299999
2008/7/24,54.650002
2008/7/25,53.900002
2008/7/28,null
2008/7/29,51.950001
2008/7/30,52.549999
2008/7/31,52.400002
2008/8/1,52.400002
2008/8/4,52.5
2008/8/5,51.400002
2008/8/6,53.299999
2008/8/7,53.049999
2008/8/8,54.650002
2008/8/11,55.599998
2008/8/12,55.549999
2008/8/13,55.349998
2008/8/14,55.75
2008/8/15,54.400002
2008/8/18,53.349998
2008/8/19,52.900002
2008/8/20,53.400002
2008/8/21,52.549999
2008/8/22,52.700001
2008/8/25,53.700001
2008/8/26,53.25
2008/8/27,54.099998
2008/8/28,53.700001
2008/8/29,53.650002
2008/9/1,51.450001
2008/9/2,50.599998
2008/9/3,50
2008/9/4,48.990002
2008/9/5,48.580002
2008/9/8,51.950001
2008/9/9,49.650002
2008/9/10,49.860001
2008/9/11,48.369999
2008/9/12,48.869999
2008/9/15,46.549999
2008/9/16,45
2008/9/17,45.91
2008/9/18,44.5
2008/9/19,47.610001
2008/9/22,48.5
2008/9/23,48.759998
2008/9/24,48.459999
2008/9/25,47.700001
2008/9/26,46.599998
2008/9/29,null
2008/9/30,44.599998
2008/10/1,45.599998
2008/10/2,44.549999
2008/10/3,44.73
2008/10/6,42.700001
2008/10/7,42.950001
2008/10/8,40.189999
2008/10/9,40.240002
2008/10/13,38.84
2008/10/14,41.549999
2008/10/15,40.57
2008/10/16,39.150002
2008/10/17,38.02
2008/10/20,38.34
2008/10/21,38.119999
2008/10/22,36.790001
2008/10/23,35.509998
2008/10/24,32.34
2008/10/27,30.1
2008/10/28,32.189999
2008/10/29,32.189999
2008/10/30,34.439999
2008/10/31,36.540001
2008/11/3,36.689999
2008/11/4,36.639999
2008/11/5,36.799999
2008/11/6,34.23
2008/11/7,34.389999
2008/11/10,34.049999
2008/11/11,33.459999
2008/11/12,33.459999
2008/11/13,31.6
2008/11/14,32
2008/11/17,32.200001
2008/11/18,28.74
2008/11/19,29
2008/11/20,31.559999
2008/11/21,30.780001
2008/11/24,29.959999
2008/11/25,30.6
2008/11/26,30.950001
2008/11/27,30.51
2008/11/28,32.130001
2008/12/1,32.5
2008/12/2,30.6
2008/12/3,30.5
2008/12/4,30.01
2008/12/5,30.18
2008/12/8,32.290001
2008/12/9,34.549999
2008/12/10,31.799999
2008/12/11,36.16
2008/12/12,32
2008/12/15,33.509998
2008/12/16,33.509998
2008/12/17,33.669998
2008/12/18,33.790001
2008/12/19,36.18
2008/12/22,32.650002
2008/12/23,31.75
2008/12/24,31.799999
2008/12/25,34.049999
2008/12/26,31.85
2008/12/29,29.58
2008/12/30,35.48
2008/12/31,32.869999
2009/1/2,32.869999
2009/1/5,36.59
2009/1/6,36.57
2009/1/7,32.209999
2009/1/8,30.16
2009/1/9,32.220001
2009/1/12,34.189999
2009/1/13,32.66
2009/1/14,34.77
2009/1/15,31
2009/1/16,30
2009/1/19,33.73
2009/1/20,32.84
2009/1/21,30.5
2009/2/2,33.040001
2009/2/3,31.469999
2009/2/4,31.690001
2009/2/5,31.43
2009/2/6,32.200001
2009/2/9,34.77
2009/2/10,34.98
2009/2/11,30.93
2009/2/12,34.610001
2009/2/13,33.279999
2009/2/16,35.529999
2009/2/17,32.439999
2009/2/18,30.219999
2009/2/19,35.220001
2009/2/20,34.34
2009/2/23,32.439999
2009/2/24,34.41
2009/2/25,32.740002
2009/2/26,32.799999
2009/2/27,33.049999
2009/3/2,31.93
2009/3/3,31.950001
2009/3/4,32.75
2009/3/5,33.450001
2009/3/6,36.02
2009/3/9,33.32
2009/3/10,33.48
2009/3/11,34.25
2009/3/12,34.049999
2009/3/13,35
2009/3/16,35.529999
2009/3/17,36.169998
2009/3/18,36.099998
2009/3/19,35.900002
2009/3/20,35.419998
2009/3/23,36.57
2009/3/24,37.400002
2009/3/25,37.82
2009/3/26,38.099998
2009/3/27,37.77
2009/3/30,36.290001
2009/3/31,36.639999
2009/4/2,38.580002
2009/4/3,38.599998
2009/4/6,38.790001
2009/4/7,38.799999
2009/4/8,37.73
2009/4/9,39.279999
2009/4/10,39.970001
2009/4/13,40.18
2009/4/14,40.5
2009/4/15,40.25
2009/4/16,41.200001
2009/4/17,39.880001
2009/4/20,40.169998
2009/4/21,40.779999
2009/4/22,40.650002
2009/4/23,40.459999
2009/4/24,40.5
2009/4/27,39.52
2009/4/28,39.049999
2009/4/29,39.400002
2009/4/30,42.150002
2009/5/4,45.099998
2009/5/5,46.299999
2009/5/6,46.400002
2009/5/7,46.299999
2009/5/8,45.830002
2009/5/11,46.200001
2009/5/12,44.599998
2009/5/13,44.669998
2009/5/14,43.650002
2009/5/15,44.799999
2009/5/18,45.060001
2009/5/19,46.099998
2009/5/20,46.299999
2009/5/21,45.950001
2009/5/22,45.779999
2009/5/25,45.73
2009/5/26,45.599998
2009/5/27,48
2009/6/1,47.720001
2009/6/2,47.849998
2009/6/3,47.790001
2009/6/4,46.700001
2009/6/5,46.619999
2009/6/8,45.709999
2009/6/9,44.450001
2009/6/10,44.849998
2009/6/11,45.25
2009/6/12,44.66
2009/6/15,43.040001
2009/6/16,43.049999
2009/6/17,42.970001
2009/6/18,42.75
2009/6/19,43.25
2009/6/22,43.900002
2009/6/23,42.849998
2009/6/24,44.080002
2009/6/25,44.580002
2009/6/26,44.599998
2009/6/29,44.279999
2009/6/30,44.459999
2009/7/1,45.450001
2009/7/2,45.900002
2009/7/3,45.799999
2009/7/6,45.689999
2009/7/7,46.189999
2009/7/8,45.66
2009/7/9,46.5
2009/7/10,46.779999
2009/7/13,45.299999
2009/7/14,46.139999
2009/7/15,47.049999
2009/7/16,47.450001
2009/7/17,47.869999
2009/7/20,48.5
2009/7/21,48.400002
2009/7/22,48.48
2009/7/23,48.509998
2009/7/24,48.380001
2009/7/27,48.830002
2009/7/28,49.700001
2009/7/29,49.349998
2009/7/30,48.849998
2009/7/31,49.02
2009/8/3,49.189999
2009/8/4,48.650002
2009/8/5,48.049999
2009/8/6,48.139999
2009/8/7,48.139999
2009/8/10,48.259998
2009/8/11,48.419998
2009/8/12,48.25
2009/8/13,49.360001
2009/8/14,49.619999
2009/8/17,48.66
2009/8/18,48.02
2009/8/19,47.860001
2009/8/20,47.599998
2009/8/21,47.18
2009/8/24,48.700001
2009/8/25,48.330002
2009/8/26,48
2009/8/27,47.75
2009/8/28,48.400002
2009/8/31,48.450001
2009/9/1,50.200001
2009/9/2,50.200001
2009/9/3,50.450001
2009/9/4,51.049999
2009/9/7,51.799999
2009/9/8,52.5
2009/9/9,52.049999
2009/9/10,52.849998
2009/9/11,52.5
2009/9/14,51.849998
2009/9/15,52.450001
2009/9/16,53.200001
2009/9/17,53.150002
2009/9/18,53.299999
2009/9/21,53.150002
2009/9/22,52.950001
2009/9/23,52.700001
2009/9/24,52
2009/9/25,52.349998
2009/9/28,51.799999
2009/9/29,52.849998
2009/9/30,53.299999
2009/10/1,53.650002
2009/10/2,52.700001
2009/10/5,52.650002
2009/10/6,53.599998
2009/10/7,53.900002
2009/10/8,53.049999
2009/10/9,53.349998
2009/10/12,53.599998
2009/10/13,53.700001
2009/10/14,54.349998
2009/10/15,54.650002
2009/10/16,54.650002
2009/10/19,54.849998
2009/10/20,54.900002
2009/10/21,54.5
2009/10/22,53.700001
2009/10/23,53.25
2009/10/26,53.5
2009/10/27,53.400002
2009/10/28,52.549999
2009/10/29,51.549999
2009/10/30,51.650002
2009/11/2,51.349998
2009/11/3,51
2009/11/4,51.950001
2009/11/5,51.849998
2009/11/6,52.25
2009/11/9,52.75
2009/11/10,53.150002
2009/11/11,53.849998
2009/11/12,53.799999
2009/11/13,53.650002
2009/11/16,54.549999
2009/11/17,54.099998
2009/11/18,54.150002
2009/11/19,53.950001
2009/11/20,53.450001
2009/11/23,53.400002
2009/11/24,53.650002
2009/11/25,54
2009/11/26,53.849998
2009/11/27,52.200001
2009/11/30,52.700001
2009/12/1,53.25
2009/12/2,53.400002
2009/12/3,53.450001
2009/12/4,53.099998
2009/12/7,53.950001
2009/12/8,53.700001
2009/12/9,53.849998
2009/12/10,53
2009/12/11,53.849998
2009/12/14,53.900002
2009/12/15,53.75
2009/12/16,53.200001
2009/12/17,53.400002
2009/12/18,53.25
2009/12/21,53.700001
2009/12/22,54.150002
2009/12/23,54.549999
2009/12/24,55.099998
2009/12/25,55.200001
2009/12/28,55.599998
2009/12/29,55.5
2009/12/30,55.700001
2009/12/31,56.450001
2010/1/4,56.5
2010/1/5,56.5
2010/1/6,57.549999
2010/1/7,57.400002
2010/1/8,57.75
2010/1/11,57.900002
2010/1/12,57.599998
2010/1/13,56.75
2010/1/14,57.450001
2010/1/15,57.799999
2010/1/18,57.5
2010/1/19,56.75
2010/1/20,56.400002
2010/1/21,55.950001
2010/1/22,54.400002
2010/1/25,54.200001
2010/1/26,52.950001
2010/1/27,52.900002
2010/1/28,54.049999
2010/1/29,53
2010/2/1,52.400002
2010/2/2,51.849998
2010/2/3,52.75
2010/2/4,52.549999
2010/2/5,50.75
2010/2/8,50.849998
2010/2/9,51.549999
2010/2/10,52.099998
2010/2/22,52.599998
2010/2/23,52.599998
2010/2/24,52.25
2010/2/25,51.650002
2010/2/26,51.549999
2010/3/1,52.799999
2010/3/2,52.650002
2010/3/3,52.650002
2010/3/4,52.200001
2010/3/5,52.950001
2010/3/8,53.650002
2010/3/9,53.799999
2010/3/10,53.799999
2010/3/11,53.650002
2010/3/12,53.599998
2010/3/15,52.849998
2010/3/16,53.099998
2010/3/17,54.150002
2010/3/18,54.400002
2010/3/19,54.25
2010/3/22,53.700001
2010/3/23,53.349998
2010/3/24,53.5
2010/3/25,53.5
2010/3/26,54
2010/3/29,54.5
2010/3/30,54.450001
2010/3/31,54.25
2010/4/1,54.75
2010/4/2,54.75
2010/4/6,55.299999
2010/4/7,55.400002
2010/4/8,55.049999
2010/4/9,55.200001
2010/4/12,55.450001
2010/4/13,54.799999
2010/4/14,55.200001
2010/4/15,55.549999
2010/4/16,55.200001
2010/4/19,53.650002
2010/4/20,53.849998
2010/4/21,54.549999
2010/4/22,54.450001
2010/4/23,54.75
2010/4/26,55.900002
2010/4/27,55.849998
2010/4/28,55.25
2010/4/29,55
2010/4/30,54.799999
2010/5/3,54.450001
2010/5/4,54.5
2010/5/5,53
2010/5/6,51.950001
2010/5/7,51.950001
2010/5/10,52.400002
2010/5/11,52.200001
2010/5/12,52.099998
2010/5/13,53.25
2010/5/14,53.099998
2010/5/17,51.900002
2010/5/18,52
2010/5/19,51.450001
2010/5/20,50.799999
2010/5/21,49.75
2010/5/24,50.450001
2010/5/25,49.119999
2010/5/26,49.32
2010/5/27,49.66
2010/5/28,49.869999
2010/5/31,50.099998
2010/6/1,49.830002
2010/6/2,49.049999
2010/6/3,50.200001
2010/6/4,50.049999
2010/6/7,48.740002
2010/6/8,48.560001
2010/6/9,48.18
2010/6/10,48.849998
2010/6/11,49.619999
2010/6/14,50.349998
2010/6/15,50.700001
2010/6/17,51.049999
2010/6/18,50.900002
2010/6/21,52
2010/6/22,51.700001
2010/6/23,51.150002
2010/6/24,51.299999
2010/6/25,50.599998
2010/6/28,50.799999
2010/6/29,50.5
2010/6/30,49.549999
2010/7/1,49.360001
2010/7/2,49.490002
2010/7/5,50.5
2010/7/6,51.400002
2010/7/7,51.299999
2010/7/8,52.049999
2010/7/9,52.349998
2010/7/12,52.299999
2010/7/13,52.150002
2010/7/14,53.150002
2010/7/15,53.25
2010/7/16,52.900002
2010/7/19,52.75
2010/7/20,53.200001
2010/7/21,52.900002
2010/7/22,52.950001
2010/7/23,53.700001
2010/7/26,53.849998
2010/7/27,53.599998
2010/7/28,54.049999
2010/7/29,54.099998
2010/7/30,53.900002
2010/8/2,54.950001
2010/8/3,55.200001
2010/8/4,55.099998
2010/8/5,55.049999
2010/8/6,55.200001
2010/8/9,55.5
2010/8/10,55.400002
2010/8/11,54.700001
2010/8/12,54.25
2010/8/13,54.849998
2010/8/16,55
2010/8/17,54.950001
2010/8/18,54.650002
2010/8/19,54.950001
2010/8/20,54.950001
2010/8/23,55.299999
2010/8/24,54.950001
2010/8/25,53.950001
2010/8/26,53.599998
2010/8/27,53.849998
2010/8/30,54.099998
2010/8/31,53.299999
2010/9/1,53.700001
2010/9/2,54
2010/9/3,54.549999
2010/9/6,54.950001
2010/9/7,54.849998
2010/9/8,54.75
2010/9/9,54.75
2010/9/10,55.25
2010/9/13,56.799999
2010/9/14,57
2010/9/15,57.25
2010/9/16,56.650002
2010/9/17,57.299999
2010/9/20,57.25
2010/9/21,57.349998
2010/9/23,57.349998
2010/9/24,57
2010/9/27,57.5
2010/9/28,57.400002
2010/9/29,57.799999
2010/9/30,57.700001
2010/10/1,57.75
2010/10/4,57.75
2010/10/5,57.400002
2010/10/6,57.75
2010/10/7,57.950001
2010/10/8,57.599998
2010/10/11,56.950001
2010/10/12,56.200001
2010/10/13,56.549999
2010/10/14,57.450001
2010/10/15,57.349998
2010/10/18,56.200001
2010/10/19,56.049999
2010/10/20,56.700001
2010/10/21,56.75
2010/10/22,57.099998
2010/10/25,56.099998
2010/10/26,56.349998
2010/10/27,56.049999
2010/10/28,56.5
2010/10/29,56
2010/11/1,56.799999
2010/11/2,56.799999
2010/11/3,56.700001
2010/11/4,57.049999
2010/11/5,57.650002
2010/11/8,57.549999
2010/11/9,57.700001
2010/11/10,57.650002
2010/11/11,57.5
2010/11/12,56.349998
2010/11/15,56.150002
2010/11/16,56.75
2010/11/17,56.5
2010/11/18,56.599998
2010/11/19,56.650002
2010/11/22,57.349998
2010/11/23,56.900002
2010/11/24,56.849998
2010/11/25,57.099998
2010/11/26,56.799999
2010/11/29,56.900002
2010/11/30,57.099998
2010/12/1,58
2010/12/2,58.450001
2010/12/3,59
2010/12/6,59.150002
2010/12/7,59.099998
2010/12/8,59.099998
2010/12/9,59.700001
2010/12/10,59.299999
2010/12/13,59.450001
2010/12/14,59.299999
2010/12/15,59.599998
2010/12/16,59.700001
2010/12/17,60.200001
2010/12/20,59.900002
2010/12/21,60.049999
2010/12/22,60.049999
2010/12/23,60.450001
2010/12/24,60.200001
2010/12/27,60.450001
2010/12/28,60.349998
2010/12/29,60.5
2010/12/30,60.799999
2010/12/31,61.400002
2011/1/3,61.450001
2011/1/4,61.299999
2011/1/5,60.299999
2011/1/6,60.200001
2011/1/7,59.650002
2011/1/10,59.849998
2011/1/11,60.849998
2011/1/12,61.099998
2011/1/13,61.049999
2011/1/14,61
2011/1/17,60.849998
2011/1/18,61.349998
2011/1/19,62.049999
2011/1/20,61.650002
2011/1/21,61
2011/1/24,60.950001
2011/1/25,61.450001
2011/1/26,62
2011/1/27,62.450001
2011/1/28,63
2011/2/8,62.599998
2011/2/9,62
2011/2/10,60.849998
2011/2/11,58.900002
2011/2/14,59.400002
2011/2/15,59.75
2011/2/16,59.849998
2011/2/17,59.650002
2011/2/18,60.650002
2011/2/21,60.650002
2011/2/22,59.849998
2011/2/23,59
2011/2/24,59
2011/2/25,59.5
2011/3/1,59.950001
2011/3/2,59.450001
2011/3/3,60.200001
2011/3/4,60.650002
2011/3/7,60.200001
2011/3/8,60.25
2011/3/9,60.200001
2011/3/10,59.5
2011/3/11,58.849998
2011/3/14,58.799999
2011/3/15,57.5
2011/3/16,57.299999
2011/3/17,57.299999
2011/3/18,57.75
2011/3/21,58.099998
2011/3/22,58.400002
2011/3/23,58.5
2011/3/24,58.75
2011/3/25,59.349998
2011/3/28,59.150002
2011/3/29,59.25
2011/3/30,59.599998
2011/3/31,59.549999
2011/4/1,59.849998
2011/4/6,61.150002
2011/4/7,61.299999
2011/4/8,61.099998
2011/4/11,61.099998
2011/4/12,60.049999
2011/4/13,60.400002
2011/4/14,60.349998
2011/4/15,59.650002
2011/4/18,59.549999
2011/4/19,59.200001
2011/4/20,60.299999
2011/4/21,61.700001
2011/4/22,61.599998
2011/4/25,61.450001
2011/4/26,61.200001
2011/4/27,62.150002
2011/4/28,62.150002
2011/4/29,62
2011/5/3,62.150002
2011/5/4,61.799999
2011/5/5,62.25
2011/5/6,61.950001
2011/5/9,62.299999
2011/5/10,62.299999
2011/5/11,62.049999
2011/5/12,62.25
2011/5/13,62.049999
2011/5/16,61.299999
2011/5/17,61.25
2011/5/18,61.599998
2011/5/19,61.049999
2011/5/20,61.099998
2011/5/23,60.349998
2011/5/24,60.450001
2011/5/25,60.25
2011/5/26,60.849998
2011/5/27,60.599998
2011/5/30,60.5
2011/5/31,62
2011/6/1,62.349998
2011/6/2,61.900002
2011/6/3,62.200001
2011/6/7,62.200001
2011/6/8,62
2011/6/9,62
2011/6/10,60.549999
2011/6/13,59.75
2011/6/14,60.75
2011/6/15,60.5
2011/6/16,59.400002
2011/6/17,59.200001
2011/6/20,58.599998
2011/6/21,59.049999
2011/6/22,59.200001
2011/6/23,58.650002
2011/6/24,58.200001
2011/6/27,57.799999
2011/6/28,57.650002
2011/6/29,58.650002
2011/6/30,58.849998
2011/7/1,59.700001
2011/7/4,60.049999
2011/7/5,59.950001
2011/7/6,60.599998
2011/7/7,60.349998
2011/7/8,60.049999
2011/7/11,59.650002
2011/7/12,58.700001
2011/7/13,58.700001
2011/7/14,58.900002
2011/7/15,59.200001
2011/7/18,59
2011/7/19,58.900002
2011/7/20,60.450001
2011/7/21,60.599998
2011/7/22,61
2011/7/25,60.400002
2011/7/26,61.200001
2011/7/27,61.349998
2011/7/28,60.849998
2011/7/29,59.900002
2011/8/1,60.349998
2011/8/2,59.549999
2011/8/3,58.599998
2011/8/4,57.849998
2011/8/5,54.450001
2011/8/8,53.5
2011/8/9,53
2011/8/10,54.099998
2011/8/11,54.099998
2011/8/12,53.549999
2011/8/15,54.599998
2011/8/16,54.349998
2011/8/17,53.950001
2011/8/18,52.950001
2011/8/19,51.099998
2011/8/22,51.5
2011/8/23,53.299999
2011/8/24,52.599998
2011/8/25,52.349998
2011/8/26,53.049999
2011/8/29,53.799999
2011/8/30,54.200001
2011/8/31,54.549999
2011/9/1,55.150002
2011/9/2,55.150002
2011/9/5,53.599998
2011/9/6,52.549999
2011/9/7,53.549999
2011/9/8,53.700001
2011/9/9,54.150002
2011/9/13,52.650002
2011/9/14,51.599998
2011/9/15,52.849998
2011/9/16,54.099998
2011/9/19,53.200001
2011/9/20,53.400002
2011/9/21,53.599998
2011/9/22,52.099998
2011/9/23,50.349998
2011/9/26,49.32
2011/9/27,51.099998
2011/9/28,51.150002
2011/9/29,51.599998
2011/9/30,51.650002
2011/10/3,50.299999
2011/10/4,50.75
2011/10/5,50.25
2011/10/6,51.25
2011/10/7,51.549999
2011/10/11,53
2011/10/12,52.849998
2011/10/13,52.799999
2011/10/14,52.450001
2011/10/17,53.099998
2011/10/18,52.549999
2011/10/19,52.349998
2011/10/20,51.75
2011/10/21,51.950001
2011/10/24,53.599998
2011/10/25,53.599998
2011/10/26,52.150002
2011/10/27,52.25
2011/10/28,52.400002
2011/10/31,52.200001
2011/11/1,52.549999
2011/11/2,52.400002
2011/11/3,51.450001
2011/11/4,52.299999
2011/11/7,52.400002
2011/11/8,52.150002
2011/11/9,52.200001
2011/11/10,50.549999
2011/11/11,50.900002
2011/11/14,52.150002
2011/11/15,51.849998
2011/11/16,51.200001
2011/11/17,51.349998
2011/11/18,50.299999
2011/11/21,49.23
2011/11/22,49.02
2011/11/23,47.849998
2011/11/24,47.860001
2011/11/25,47.439999
2011/11/28,48.290001
2011/11/29,48.720001
2011/11/30,48.080002
2011/12/1,50.299999
2011/12/2,49.82
2011/12/5,49.66
2011/12/6,48.689999
2011/12/7,49.200001
2011/12/8,48.860001
2011/12/9,48.240002
2011/12/12,48.799999
2011/12/13,48.549999
2011/12/14,48.59
2011/12/15,47.5
2011/12/16,47.700001
2011/12/19,46.740002
2011/12/20,47
2011/12/21,49.279999
2011/12/22,49.16
2011/12/23,50
2011/12/26,49.950001
2011/12/27,49.849998
2011/12/28,49.57
2011/12/29,49.610001
2011/12/30,49.810001
2012/1/2,49.060001
2012/1/3,49.700001
2012/1/4,50
2012/1/5,50.150002
2012/1/6,50
2012/1/9,49.810001
2012/1/10,50.700001
2012/1/11,50.650002
2012/1/12,50.75
2012/1/13,50.849998
2012/1/16,50.049999
2012/1/17,50.549999
2012/1/18,50.400002
2012/1/30,51.799999
2012/1/31,51.950001
2012/2/1,52.299999
2012/2/2,52.900002
2012/2/3,53.049999
2012/2/6,53.200001
2012/2/7,53.299999
2012/2/8,54.450001
2012/2/9,54.400002
2012/2/10,53.950001
2012/2/13,54.200001
2012/2/14,54
2012/2/15,54.900002
2012/2/16,54.25
2012/2/17,54.75
2012/2/20,54.700001
2012/2/21,54.5
2012/2/22,54.849998
2012/2/23,54.599998
2012/2/24,54.75
2012/2/29,56
2012/3/1,55.900002
2012/3/2,55.599998
2012/3/5,54.849998
2012/3/6,54.599998
2012/3/7,54.400002
2012/3/8,54.700001
2012/3/9,54.950001
2012/3/12,54.349998
2012/3/13,55.099998
2012/3/14,55.900002
2012/3/15,55.650002
2012/3/16,55.400002
2012/3/19,55.25
2012/3/20,54.849998
2012/3/21,54.849998
2012/3/22,55.599998
2012/3/23,55.450001
2012/3/26,54.549999
2012/3/27,55.25
2012/3/28,55.450001
2012/3/29,54.700001
2012/3/30,54.900002
2012/4/2,54.700001
2012/4/3,54.25
2012/4/5,53.650002
2012/4/6,53.75
2012/4/9,53.099998
2012/4/10,53.099998
2012/4/11,53.299999
2012/4/12,53.349998
2012/4/13,53.950001
2012/4/16,53.799999
2012/4/17,52.900002
2012/4/18,53
2012/4/19,53.049999
2012/4/20,52.349998
2012/4/23,52.299999
2012/4/24,52.400002
2012/4/25,52.700001
2012/4/26,52.299999
2012/4/27,52.200001
2012/4/30,52.049999
2012/5/2,53.349998
2012/5/3,53.099998
2012/5/4,53.200001
2012/5/7,52.049999
2012/5/8,52.049999
2012/5/9,51.700001
2012/5/10,51.700001
2012/5/11,51.150002
2012/5/14,51.200001
2012/5/15,51.200001
2012/5/16,50.200001
2012/5/17,50.799999
2012/5/18,49.669998
2012/5/21,49.950001
2012/5/22,50.400002
2012/5/23,49.490002
2012/5/24,49.380001
2012/5/25,49.009998
2012/5/28,49.470001
2012/5/29,50.700001
2012/5/30,50.099998
2012/5/31,50.150002
2012/6/1,49.150002
2012/6/4,47.68
2012/6/5,48.299999
2012/6/6,48.630001
2012/6/7,48.740002
2012/6/8,48
2012/6/11,48.990002
2012/6/12,48.610001
2012/6/13,48.709999
2012/6/14,48.779999
2012/6/15,49.400002
2012/6/18,50.200001
2012/6/19,49.91
2012/6/20,50.450001
2012/6/21,50.150002
2012/6/22,49.560001
2012/6/25,49.200001
2012/6/26,48.990002
2012/6/27,49.450001
2012/6/28,49.529999
2012/6/29,50.200001
2012/7/2,50.599998
2012/7/3,51.200001
2012/7/4,51.400002
2012/7/5,51.299999
2012/7/6,51
2012/7/9,50.950001
2012/7/10,50.400002
2012/7/11,50.549999
2012/7/12,49.650002
2012/7/13,49.5
2012/7/16,49.5
2012/7/17,49.849998
2012/7/18,49.200001
2012/7/19,50.200001
2012/7/20,50.150002
2012/7/23,49.25
2012/7/24,49.119999
2012/7/25,48.860001
2012/7/26,48.939999
2012/7/27,49.919998
2012/7/30,50.25
2012/7/31,51.099998
2012/8/1,51.200001
2012/8/2,51.200001
2012/8/3,50.900002
2012/8/6,51.549999
2012/8/7,51.599998
2012/8/8,51.75
2012/8/9,52.849998
2012/8/10,52.799999
2012/8/13,53
2012/8/14,53.25
2012/8/15,53.049999
2012/8/16,53.200001
2012/8/17,52.950001
2012/8/20,52.799999
2012/8/21,53.400002
2012/8/22,53.349998
2012/8/23,53.299999
2012/8/24,53.099998
2012/8/27,53.200001
2012/8/28,52.5
2012/8/29,52.700001
2012/8/30,52.549999
2012/8/31,52.75
2012/9/3,53.150002
2012/9/4,53.049999
2012/9/5,52.349998
2012/9/6,52.150002
2012/9/7,52.950001
2012/9/10,53.349998
2012/9/11,53.299999
2012/9/12,54.049999
2012/9/13,54.150002
2012/9/14,55.5
2012/9/17,55.599998
2012/9/18,55.400002
2012/9/19,55.650002
2012/9/20,55.25
2012/9/21,55.450001
2012/9/24,55.5
2012/9/25,55.299999
2012/9/26,54.900002
2012/9/27,55.099998
2012/9/28,55.150002
2012/10/1,55
2012/10/2,55.25
2012/10/3,55
2012/10/4,55.049999
2012/10/5,55.099998
2012/10/8,54.650002
2012/10/9,54.400002
2012/10/11,53.299999
2012/10/12,53.150002
2012/10/15,53.25
2012/10/16,53.5
2012/10/17,53.400002
2012/10/18,53.650002
2012/10/19,53.25
2012/10/22,52.900002
2012/10/23,52.900002
2012/10/24,51
2012/10/25,50.5
2012/10/26,49.91
2012/10/29,50
2012/10/30,50.450001
2012/10/31,50.400002
2012/11/1,50.349998
2012/11/2,50.700001
2012/11/5,50.5
2012/11/6,50.900002
2012/11/7,51.150002
2012/11/8,50.75
2012/11/9,51.099998
2012/11/12,50.900002
2012/11/13,50.049999
2012/11/14,50.150002
2012/11/15,50
2012/11/16,49.939999
2012/11/19,50.25
2012/11/20,50.349998
2012/11/21,49.970001
2012/11/22,50.200001
2012/11/23,51.700001
2012/11/26,52.200001
2012/11/27,52.400002
2012/11/28,52.450001
2012/11/29,53.099998
2012/11/30,53.549999
2012/12/3,53.5
2012/12/4,53.450001
2012/12/5,53.75
2012/12/6,53.599998
2012/12/7,53.900002
2012/12/10,53.700001
2012/12/11,53.650002
2012/12/12,54.099998
2012/12/13,54.700001
2012/12/14,54.200001
2012/12/17,53.5
2012/12/18,53.549999
2012/12/19,53.700001
2012/12/20,53.049999
2012/12/21,52.799999
2012/12/24,52.700001
2012/12/25,53.599998
2012/12/26,53.5
2012/12/27,53.450001
2012/12/28,53.799999
2013/1/2,54.400002
2013/1/3,54.849998
2013/1/4,54.5
2013/1/7,54.25
2013/1/8,53.900002
2013/1/9,54.099998
2013/1/10,54.5
2013/1/11,54.450001
2013/1/14,54.5
2013/1/15,54
2013/1/16,53.700001
2013/1/17,53.299999
2013/1/18,53.950001
2013/1/21,53.900002
2013/1/22,54.049999
2013/1/23,54
2013/1/24,53.700001
2013/1/25,53.5
2013/1/28,53.75
2013/1/29,54.5
2013/1/30,54.599998
2013/1/31,54.599998
2013/2/1,54.799999
2013/2/4,55.200001
2013/2/5,55
2013/2/6,55.400002
2013/2/18,55.599998
2013/2/19,55.650002
2013/2/20,56.099998
2013/2/21,55.700001
2013/2/22,55.5
2013/2/25,55.700001
2013/2/26,55.099998
2013/2/27,55.200001
2013/3/1,55.400002
2013/3/4,54.75
2013/3/5,55.200001
2013/3/6,55.450001
2013/3/7,55.400002
2013/3/8,55.799999
2013/3/11,55.900002
2013/3/12,55.549999
2013/3/13,55.650002
2013/3/14,55.599998
2013/3/15,55.200001
2013/3/18,54.5
2013/3/19,54.599998
2013/3/20,54.25
2013/3/21,54.299999
2013/3/22,54.150002
2013/3/25,54.549999
2013/3/26,54.549999
2013/3/27,54.700001
2013/3/28,54.549999
2013/3/29,55.099998
2013/4/1,55
2013/4/2,54.849998
2013/4/3,55
2013/4/8,53.849998
2013/4/9,53.700001
2013/4/10,53.799999
2013/4/11,54.349998
2013/4/12,54.349998
2013/4/15,53.900002
2013/4/16,54
2013/4/17,53.900002
2013/4/18,53.849998
2013/4/19,55.450001
2013/4/22,55.400002
2013/4/23,55.099998
2013/4/24,55.549999
2013/4/25,55.650002
2013/4/26,55.849998
2013/4/29,55.799999
2013/4/30,56.400002
2013/5/2,56.549999
2013/5/3,56.650002
2013/5/6,56.900002
2013/5/7,57.099998
2013/5/8,57.849998
2013/5/9,58.200001
2013/5/10,57.900002
2013/5/13,57.75
2013/5/14,57.900002
2013/5/15,57.950001
2013/5/16,58.700001
2013/5/17,58.400002
2013/5/20,58.299999
2013/5/21,58.299999
2013/5/22,58.25
2013/5/23,57
2013/5/24,56.849998
2013/5/27,57.349998
2013/5/28,57.150002
2013/5/29,57.650002
2013/5/30,56.950001
2013/5/31,56.950001
2013/6/3,56.700001
2013/6/4,56.599998
2013/6/5,56.599998
2013/6/6,55.900002
2013/6/7,56.049999
2013/6/10,56.5
2013/6/11,56.349998
2013/6/13,55
2013/6/14,54.799999
2013/6/17,55.150002
2013/6/18,55.400002
2013/6/19,55.299999
2013/6/20,54.25
2013/6/21,53.599998
2013/6/24,53.400002
2013/6/25,53
2013/6/26,53.700001
2013/6/27,54.349998
2013/6/28,55.099998
2013/7/1,55.599998
2013/7/2,55.5
2013/7/3,54.849998
2013/7/4,54.950001
2013/7/5,56.049999
2013/7/8,55
2013/7/9,55.650002
2013/7/10,55.799999
2013/7/11,57.200001
2013/7/12,57.349998
2013/7/15,57.5
2013/7/16,57.5
2013/7/17,57.599998
2013/7/18,57.200001
2013/7/19,55.950001
2013/7/22,56.150002
2013/7/23,57.049999
2013/7/24,56.900002
2013/7/25,57
2013/7/26,56.900002
2013/7/29,56.5
2013/7/30,56.950001
2013/7/31,56.599998
2013/8/1,56.200001
2013/8/2,56.549999
2013/8/5,56.700001
2013/8/6,55.900002
2013/8/7,55.099998
2013/8/8,54.900002
2013/8/9,54.849998
2013/8/12,55
2013/8/13,55.549999
2013/8/14,55.400002
2013/8/15,55
2013/8/16,55.25
2013/8/19,55.099998
2013/8/20,54.599998
2013/8/22,54.150002
2013/8/23,54.849998
2013/8/26,55.099998
2013/8/27,54.599998
2013/8/28,54.75
2013/8/29,55.5
2013/8/30,55.849998
2013/9/2,56.299999
2013/9/3,56.650002
2013/9/4,56.549999
2013/9/5,56.900002
2013/9/6,57
2013/9/9,57.200001
2013/9/10,57.349998
2013/9/11,57.5
2013/9/12,57.549999
2013/9/13,57.099998
2013/9/16,57.799999
2013/9/17,57.75
2013/9/18,57.549999
2013/9/23,58
2013/9/24,58.049999
2013/9/25,57.799999
2013/9/26,57.25
2013/9/27,57.400002
2013/9/30,57.150002
2013/10/1,57.150002
2013/10/2,57.349998
2013/10/3,58.549999
2013/10/4,58.450001
2013/10/7,57.900002
2013/10/8,58.349998
2013/10/9,58.200001
2013/10/11,58.450001
2013/10/14,58
2013/10/15,58.5
2013/10/16,58.25
2013/10/17,58.549999
2013/10/18,59.049999
2013/10/21,59
2013/10/22,59
2013/10/23,58.700001
2013/10/24,57.549999
2013/10/25,57.099998
2013/10/28,57.5
2013/10/29,57.75
2013/10/30,57.900002
2013/10/31,57.900002
2013/11/1,57.599998
2013/11/4,57.349998
2013/11/5,56.799999
2013/11/6,56.799999
2013/11/7,56.650002
2013/11/8,56.450001
2013/11/11,56.299999
2013/11/12,56.5
2013/11/13,55.75
2013/11/14,55.900002
2013/11/15,56.150002
2013/11/18,56.450001
2013/11/19,56.799999
2013/11/20,56.450001
2013/11/21,55.450001
2013/11/22,55.5
2013/11/25,56.25
2013/11/26,56.700001
2013/11/27,57
2013/11/28,57.349998
2013/11/29,57.549999
2013/12/2,57.450001
2013/12/3,57.5
2013/12/4,57.450001
2013/12/5,57.099998
2013/12/6,57.150002
2013/12/9,57.650002
2013/12/10,57.799999
2013/12/11,57.849998
2013/12/12,57.400002
2013/12/13,57.349998
2013/12/16,56.900002
2013/12/17,57.200001
2013/12/18,57
2013/12/19,57.349998
2013/12/20,57.450001
2013/12/23,57.849998
2013/12/24,57.799999
2013/12/25,57.849998
2013/12/26,57.849998
2013/12/27,58.299999
2013/12/30,58.799999
2013/12/31,58.700001
2014/1/2,58.549999
2014/1/3,57.849998
2014/1/6,57.700001
2014/1/7,57.700001
2014/1/8,57.799999
2014/1/9,57.549999
2014/1/10,57.549999
2014/1/13,57.900002
2014/1/14,57.799999
2014/1/15,58.400002
2014/1/16,58.549999
2014/1/17,58.650002
2014/1/20,58.799999
2014/1/21,58.549999
2014/1/22,58.650002
2014/1/23,58.5
2014/1/24,58.650002
2014/1/27,57.599998
2014/2/5,55.799999
2014/2/6,56
2014/2/7,56.599998
2014/2/10,56.599998
2014/2/11,56.950001
2014/2/12,57.549999
2014/2/13,57.400002
2014/2/14,57.950001
2014/2/17,57.950001
2014/2/18,58.150002
2014/2/19,58.150002
2014/2/20,57.650002
2014/2/21,58.200001
2014/2/24,57.900002
2014/2/25,58.150002
2014/2/26,58.400002
2014/2/27,58.299999
2014/3/3,57.950001
2014/3/4,57.700001
2014/3/5,58.299999
2014/3/6,59.150002
2014/3/7,59.400002
2014/3/10,59.049999
2014/3/11,59.349998
2014/3/12,58.799999
2014/3/13,59.75
2014/3/14,59.150002
2014/3/17,59.049999
2014/3/18,59.400002
2014/3/19,59.25
2014/3/20,58.5
2014/3/21,58.5
2014/3/24,58.650002
2014/3/25,59.150002
2014/3/26,59.700001
2014/3/27,59.799999
2014/3/28,59.900002
2014/3/31,60.099998
2014/4/1,60.599998
2014/4/2,60.799999
2014/4/3,60.650002
2014/4/7,60.5
2014/4/8,60.799999
2014/4/9,61
2014/4/10,61.200001
2014/4/11,61.150002
2014/4/14,61.049999
2014/4/15,61.349998
2014/4/16,61.299999
2014/4/17,61.150002
2014/4/18,61.549999
2014/4/21,61.549999
2014/4/22,61.75
2014/4/23,61.650002
2014/4/24,61.75
2014/4/25,60.700001
2014/4/28,61.25
2014/4/29,61.349998
2014/4/30,61
2014/5/2,61.299999
2014/5/5,61.200001
2014/5/6,61.549999
2014/5/7,61.400002
2014/5/8,61.849998
2014/5/9,61.450001
2014/5/12,61.150002
2014/5/13,61.450001
2014/5/14,61.799999
2014/5/15,61.75
2014/5/16,61.849998
2014/5/19,61.849998
2014/5/20,62.099998
2014/5/21,61.799999
2014/5/22,62.650002
2014/5/23,62.75
2014/5/26,63.049999
2014/5/27,63.099998
2014/5/28,63.700001
2014/5/29,63.400002
2014/5/30,63.099998
2014/6/3,63.150002
2014/6/4,63.400002
2014/6/5,63.400002
2014/6/6,63.549999
2014/6/9,63.799999
2014/6/10,64.199997
2014/6/11,64.150002
2014/6/12,64
2014/6/13,63.849998
2014/6/16,63.900002
2014/6/17,64.349998
2014/6/18,64.5
2014/6/19,64.949997
2014/6/20,64.75
2014/6/23,64.699997
2014/6/24,64.800003
2014/6/25,64.650002
2014/6/26,65.349998
2014/6/27,65.349998
2014/6/30,65.949997
2014/7/1,66.550003
2014/7/2,67.099998
2014/7/3,67.699997
2014/7/4,67.699997
2014/7/7,67.599998
2014/7/8,67.75
2014/7/9,67.849998
2014/7/10,68.349998
2014/7/11,68.300003
2014/7/14,68.699997
2014/7/15,68.949997
2014/7/16,68.349998
2014/7/17,67.5
2014/7/18,67.5
2014/7/21,67.5
2014/7/22,68.099998
2014/7/23,68.099998
2014/7/24,68.400002
2014/7/25,67.650002
2014/7/28,67.5
2014/7/29,67.449997
2014/7/30,67.849998
2014/7/31,66.75
2014/8/1,66.25
2014/8/4,66.599998
2014/8/5,65.25
2014/8/6,65.699997
2014/8/7,65.699997
2014/8/8,65.699997
2014/8/11,66.050003
2014/8/12,66.099998
2014/8/13,66.75
2014/8/14,67.099998
2014/8/15,67.099998
2014/8/18,66.900002
2014/8/19,67.75
2014/8/20,68
2014/8/21,67.900002
2014/8/22,68.75
2014/8/25,68.650002
2014/8/26,68.599998
2014/8/27,69.25
2014/8/28,69.349998
2014/8/29,69.199997
2014/9/1,69.800003
2014/9/2,68.75
2014/9/3,69.25
2014/9/4,69
2014/9/5,69
2014/9/9,69.25
2014/9/10,68.650002
2014/9/11,68.400002
2014/9/12,67.75
2014/9/15,67.75
2014/9/16,67.199997
2014/9/17,67.699997
2014/9/18,67.849998
2014/9/19,68
2014/9/22,66.949997
2014/9/23,66.800003
2014/9/24,66.550003
2014/9/25,65.949997
2014/9/26,65.599998
2014/9/29,65.400002
2014/9/30,65.300003
2014/10/1,65.5
2014/10/2,65.5
2014/10/3,66.699997
2014/10/6,66.650002
2014/10/7,66.099998
2014/10/8,65.699997
2014/10/9,66
2014/10/13,64
2014/10/14,64.550003
2014/10/15,64.099998
2014/10/16,64
2014/10/17,63.349998
2014/10/20,64.599998
2014/10/21,64.300003
2014/10/22,65.300003
2014/10/23,65.050003
2014/10/24,63.049999
2014/10/27,63.25
2014/10/28,64.349998
2014/10/29,65
2014/10/30,64.800003
2014/10/31,65.300003
2014/11/3,65.599998
2014/11/4,65.650002
2014/11/5,65.5
2014/11/6,65.099998
2014/11/7,65.199997
2014/11/10,66.150002
2014/11/11,65.949997
2014/11/12,65
2014/11/13,65.650002
2014/11/14,65.699997
2014/11/17,65.099998
2014/11/18,64.900002
2014/11/19,65.849998
2014/11/20,66.599998
2014/11/21,66.650002
2014/11/24,66.800003
2014/11/25,66.849998
2014/11/26,66.849998
2014/11/27,67.5
2014/11/28,67.5
2014/12/1,66.800003
2014/12/2,65.800003
2014/12/3,66.849998
2014/12/4,67.099998
2014/12/5,66.849998
2014/12/8,66.349998
2014/12/9,66.199997
2014/12/10,65.300003
2014/12/11,65.25
2014/12/12,65.300003
2014/12/15,65.099998
2014/12/16,64.550003
2014/12/17,63.549999
2014/12/18,63.700001
2014/12/19,65.199997
2014/12/22,66
2014/12/23,65.800003
2014/12/24,66.300003
2014/12/25,66.300003
2014/12/26,66.449997
2014/12/29,67.199997
2014/12/30,66.849998
2014/12/31,66.849998
2015/1/5,66.550003
2015/1/6,64.900002
2015/1/7,65
2015/1/8,66.5
2015/1/9,66.150002
2015/1/12,65.75
2015/1/13,65.949997
2015/1/14,65.599998
2015/1/15,65.800003
2015/1/16,65.5
2015/1/19,66.25
2015/1/20,66.75
2015/1/21,67.25
2015/1/22,67.599998
2015/1/23,68.699997
2015/1/26,68.699997
2015/1/27,69.150002
2015/1/28,69.150002
2015/1/29,68.300003
2015/1/30,68
2015/2/2,68.150002
2015/2/3,68.650002
2015/2/4,69.400002
2015/2/5,69.099998
2015/2/6,68.75
2015/2/9,68.5
2015/2/10,68.25
2015/2/11,69
2015/2/12,69
2015/2/13,69.449997
2015/2/24,70.25
2015/2/25,70.800003
2015/2/26,70.300003
2015/3/2,70
2015/3/3,69.900002
2015/3/4,69.949997
2015/3/5,69.699997
2015/3/6,69.800003
2015/3/9,69.099998
2015/3/10,68.949997
2015/3/11,69.050003
2015/3/12,69.650002
2015/3/13,69.449997
2015/3/16,68.900002
2015/3/17,69.150002
2015/3/18,69.900002
2015/3/19,70.650002
2015/3/20,70.550003
2015/3/23,70.75
2015/3/24,70.5
2015/3/25,70.25
2015/3/26,69.400002
2015/3/27,68.75
2015/3/30,68.800003
2015/3/31,69.050003
2015/4/1,68.650002
2015/4/2,69.5
2015/4/7,69.599998
2015/4/8,69
2015/4/9,69.099998
2015/4/10,69.650002
2015/4/13,69.849998
2015/4/14,69.5
2015/4/15,68.650002
2015/4/16,69.699997
2015/4/17,69.050003
2015/4/20,68.949997
2015/4/21,68.949997
2015/4/22,69.650002
2015/4/23,71.5
2015/4/24,72.199997
2015/4/27,72.75
2015/4/28,72.599998
2015/4/29,71.800003
2015/4/30,71.449997
2015/5/4,71.599998
2015/5/5,71.199997
2015/5/6,71.300003
2015/5/7,70.449997
2015/5/8,70.5
2015/5/11,70.849998
2015/5/12,70.699997
2015/5/13,71.099998
2015/5/14,70.099998
2015/5/15,70
2015/5/18,70.25
2015/5/19,71.300003
2015/5/20,70.800003
2015/5/21,70.150002
2015/5/22,70.699997
2015/5/25,70.699997
2015/5/26,71
2015/5/27,71.150002
2015/5/28,71.5
2015/5/29,71.099998
2015/6/1,70.5
2015/6/2,70.400002
2015/6/3,69.949997
2015/6/4,68.599998
2015/6/5,68.449997
2015/6/8,68.900002
2015/6/9,68.349998
2015/6/10,68.650002
2015/6/11,68.849998
2015/6/12,68.800003
2015/6/15,68.650002
2015/6/16,68.199997
2015/6/17,68.5
2015/6/18,68.400002
2015/6/22,69.349998
2015/6/23,69.550003
2015/6/24,69.650002
2015/6/25,70.449997
2015/6/26,70.449997
2015/6/29,68.800003
2015/6/30,69.400002
2015/7/1,70.050003
2015/7/2,70.099998
2015/7/3,70.099998
2015/7/6,69.300003
2015/7/7,69.599998
2015/7/8,67.5
2015/7/9,67.099998
2015/7/10,67.099998
2015/7/13,68.099998
2015/7/14,68.099998
2015/7/15,68.25
2015/7/16,68.599998
2015/7/17,68.5
2015/7/20,68
2015/7/21,68.650002
2015/7/22,67.800003
2015/7/23,67.150002
2015/7/24,66.75
2015/7/27,65.800003
2015/7/28,65.849998
2015/7/29,65.400002
2015/7/30,66.5
2015/7/31,66.150002
2015/8/3,65.25
2015/8/4,65.300003
2015/8/5,65.699997
2015/8/6,65
2015/8/7,64.699997
2015/8/10,64.550003
2015/8/11,64.550003
2015/8/12,63.450001
2015/8/13,63.549999
2015/8/14,63.299999
2015/8/17,62.900002
2015/8/18,62.549999
2015/8/19,61.599998
2015/8/20,61.400002
2015/8/21,59.799999
2015/8/24,57.5
2015/8/25,60
2015/8/26,60.349998
2015/8/27,60.150002
2015/8/28,61.799999
2015/8/31,62.299999
2015/9/1,61.75
2015/9/2,62.099998
2015/9/3,62.150002
2015/9/4,61.349998
2015/9/7,61.25
2015/9/8,61.450001
2015/9/9,64.150002
2015/9/10,63.450001
2015/9/11,63.5
2015/9/14,63.650002
2015/9/15,63.150002
2015/9/16,63.900002
2015/9/17,65
2015/9/18,64.849998
2015/9/21,63.450001
2015/9/22,63.799999
2015/9/23,62.349998
2015/9/24,62
2015/9/25,62.25
2015/9/29,62.25
2015/9/30,62.400002
2015/10/1,63.599998
2015/10/2,63.25
2015/10/5,63.400002
2015/10/6,63.900002
2015/10/7,64.849998
2015/10/8,64.699997
2015/10/12,65.550003
2015/10/13,65.300003
2015/10/14,65.050003
2015/10/15,66
2015/10/16,65.75
2015/10/19,65.949997
2015/10/20,65.949997
2015/10/21,65.5
2015/10/22,65.5
2015/10/23,65.900002
2015/10/26,64.550003
2015/10/27,64.199997
2015/10/28,63.75
2015/10/29,63.299999
2015/10/30,63.200001
2015/11/2,63.299999
2015/11/3,64.300003
2015/11/4,65.550003
2015/11/5,65.400002
2015/11/6,64.099998
2015/11/9,63.650002
2015/11/10,62.900002
2015/11/11,62.150002
2015/11/12,62.25
2015/11/13,61.599998
2015/11/16,61.150002
2015/11/17,62.349998
2015/11/18,61.400002
2015/11/19,62.299999
2015/11/20,62.299999
2015/11/23,62.599998
2015/11/24,61.950001
2015/11/25,61.950001
2015/11/26,62.799999
2015/11/27,61.950001
2015/11/30,61.200001
2015/12/1,62.400002
2015/12/2,62.299999
2015/12/3,62.400002
2015/12/4,61.75
2015/12/7,62.5
2015/12/8,61.5
2015/12/9,60.75
2015/12/10,60.549999
2015/12/11,59.849998
2015/12/14,59.400002
2015/12/15,59.450001
2015/12/16,60.349998
2015/12/17,61.049999
2015/12/18,60.75
2015/12/21,60.650002
2015/12/22,60.799999
2015/12/23,60.900002
2015/12/24,61.200001
2015/12/25,61.599998
2015/12/28,61.450001
2015/12/29,61
2015/12/30,60.549999
2015/12/31,60.75
2016/1/4,59.549999
2016/1/5,59.049999
2016/1/6,58.450001
2016/1/7,57.349998
2016/1/8,57.450001
2016/1/11,56.549999
2016/1/12,56.5
2016/1/13,57.150002
2016/1/14,56.700001
2016/1/15,56.700001
2016/1/18,57.099998
2016/1/19,57.25
2016/1/20,55.900002
2016/1/21,55.799999
2016/1/22,56.549999
2016/1/25,57.549999
2016/1/26,57
2016/1/27,57.25
2016/1/28,57.549999
2016/1/29,59
2016/1/30,null
2016/2/1,59.549999
2016/2/2,59.349998
2016/2/3,58.950001
2016/2/15,59
2016/2/16,60.25
2016/2/17,59.950001
2016/2/18,60.900002
2016/2/19,60.849998
2016/2/22,60.799999
2016/2/23,60.849998
2016/2/24,60.299999
2016/2/25,61.099998
2016/2/26,61.25
2016/3/1,61.849998
2016/3/2,62.349998
2016/3/3,62.950001
2016/3/4,63.099998
2016/3/7,63.099998
2016/3/8,63.049999
2016/3/9,63.099998
2016/3/10,63.25
2016/3/11,63.549999
2016/3/14,64
2016/3/15,63.049999
2016/3/16,63.599998
2016/3/17,64.300003
2016/3/18,64.699997
2016/3/21,64.599998
2016/3/22,64.400002
2016/3/23,64.349998
2016/3/24,64.349998
2016/3/25,64.050003
2016/3/28,64.099998
2016/3/29,63.650002
2016/3/30,64.699997
2016/3/31,64.650002
2016/4/1,63.900002
2016/4/6,62.400002
2016/4/7,62.150002
2016/4/8,62.75
2016/4/11,63
2016/4/12,62.950001
2016/4/13,64.050003
2016/4/14,64.25
2016/4/15,64.25
2016/4/18,63.849998
2016/4/19,63.599998
2016/4/20,62.650002
2016/4/21,62.950001
2016/4/22,63.200001
2016/4/25,63.25
2016/4/26,63.5
2016/4/27,63.400002
2016/4/28,62.400002
2016/4/29,61.599998
2016/5/3,60.75
2016/5/4,60.099998
2016/5/5,60.200001
2016/5/6,59.700001
2016/5/9,59.700001
2016/5/10,60
2016/5/11,59.849998
2016/5/12,59.799999
2016/5/13,59.150002
2016/5/16,59.599998
2016/5/17,60.049999
2016/5/18,59.950001
2016/5/19,59.650002
2016/5/20,60
2016/5/23,62
2016/5/24,61.349998
2016/5/25,62
2016/5/26,62.150002
2016/5/27,62.599998
2016/5/30,63.150002
2016/5/31,63.150002
2016/6/1,63.700001
2016/6/2,63.700001
2016/6/3,63.849998
2016/6/4,null
2016/6/6,64.050003
2016/6/7,64.900002
2016/6/8,65.25
2016/6/13,63.75
2016/6/14,64.150002
2016/6/15,64.25
2016/6/16,63.349998
2016/6/17,64.050003
2016/6/20,64.5
2016/6/21,64.75
2016/6/22,64.949997
2016/6/23,64.800003
2016/6/24,63.099998
2016/6/27,63.75
2016/6/28,64
2016/6/29,64.699997
2016/6/30,65.449997
2016/7/1,66.25
2016/7/4,66.300003
2016/7/5,66.099998
2016/7/6,64.900002
2016/7/7,65.699997
2016/7/8,65.699997
2016/7/11,67
2016/7/12,67.599998
2016/7/13,67.650002
2016/7/14,67.699997
2016/7/15,68.5
2016/7/18,69.150002
2016/7/19,69.25
2016/7/20,69.199997
2016/7/21,69.550003
2016/7/22,69.300003
2016/7/25,69
2016/7/26,69.400002
2016/7/27,69.699997
2016/7/28,69.050003
2016/7/29,68.550003
2016/8/1,69.300003
2016/8/2,69.300003
2016/8/3,68.75
2016/8/4,68.900002
2016/8/5,69.599998
2016/8/8,70.050003
2016/8/9,70.400002
2016/8/10,70.599998
2016/8/11,69.949997
2016/8/12,70.199997
2016/8/15,70.349998
2016/8/16,69.949997
2016/8/17,70.050003
2016/8/18,69.900002
2016/8/19,69.199997
2016/8/22,68.699997
2016/8/23,69.400002
2016/8/24,69.199997
2016/8/25,70
2016/8/26,70.099998
2016/8/29,70.050003
2016/8/30,70
2016/8/31,69.400002
2016/9/1,69.050003
2016/9/2,69.150002
2016/9/5,70.300003
2016/9/6,70.849998
2016/9/7,71.849998
2016/9/8,71.599998
2016/9/9,70.400002
2016/9/10,null
2016/9/12,68.849998
2016/9/13,68.849998
2016/9/14,68.449997
2016/9/19,71
2016/9/20,70.900002
2016/9/21,71.25
2016/9/22,71.400002
2016/9/23,71.900002
2016/9/26,71
2016/9/27,71
2016/9/28,71
2016/9/29,71.900002
2016/9/30,70.949997
2016/10/3,71.449997
2016/10/4,71.75
2016/10/5,71.5
2016/10/6,71.699997
2016/10/7,71.650002
2016/10/11,71.449997
2016/10/12,72.25
2016/10/13,71.699997
2016/10/14,71.449997
2016/10/17,71.449997
2016/10/18,71.949997
2016/10/19,72.349998
2016/10/20,72.650002
2016/10/21,72.599998
2016/10/24,72.699997
2016/10/25,73.400002
2016/10/26,73
2016/10/27,72.599998
2016/10/28,72.599998
2016/10/31,72.599998
2016/11/1,72.599998
2016/11/2,71.75
2016/11/3,71.199997
2016/11/4,71
2016/11/7,72
2016/11/8,72.349998
2016/11/9,70
2016/11/10,72
2016/11/11,70.050003
2016/11/14,70.099998
2016/11/15,69.900002
2016/11/16,70
2016/11/17,70.199997
2016/11/18,70.400002
2016/11/21,70.5
2016/11/22,71.449997
2016/11/23,71.800003
2016/11/24,71.400002
2016/11/25,71.349998
2016/11/28,71.75
2016/11/29,71.650002
2016/11/30,71.699997
2016/12/1,72
2016/12/2,71.199997
2016/12/5,71.099998
2016/12/6,72
2016/12/7,72
2016/12/8,72.900002
2016/12/9,73.150002
2016/12/12,72.849998
2016/12/13,72.949997
2016/12/14,73.099998
2016/12/15,73
2016/12/16,72.300003
2016/12/19,71.849998
2016/12/20,71.75
2016/12/21,71.699997
2016/12/22,70.800003
2016/12/23,70.550003
2016/12/26,70.800003
2016/12/27,70.75
2016/12/28,71.599998
2016/12/29,71.25
2016/12/30,71.800003
2017/1/3,71.900002
2017/1/4,71.849998
2017/1/5,72.5
2017/1/6,72.650002
2017/1/9,72.449997
2017/1/10,72.400002
2017/1/11,72.400002
2017/1/12,73.150002
2017/1/13,72.599998
2017/1/16,72
2017/1/17,72.300003
2017/1/18,72.150002
2017/1/19,71.949997
2017/1/20,72.150002
2017/1/23,72.75
2017/1/24,73.300003
2017/2/2,72.900002
2017/2/3,72.849998
2017/2/6,73.25
2017/2/7,73.300003
2017/2/8,71.75
2017/2/9,72
2017/2/10,72.800003
2017/2/13,72.949997
2017/2/14,73.199997
2017/2/15,73.900002
2017/2/16,73.449997
2017/2/17,73.349998
2017/2/18,null
2017/2/20,73.099998
2017/2/21,73.25
2017/2/22,73.300003
2017/2/23,73.099998
2017/2/24,73.150002
2017/3/1,72.349998
2017/3/2,72.550003
2017/3/3,72.099998
2017/3/6,72.150002
2017/3/7,72.449997
2017/3/8,72.849998
2017/3/9,72.050003
2017/3/10,72
2017/3/13,72.5
2017/3/14,73
2017/3/15,72.849998
2017/3/16,73.800003
2017/3/17,74
2017/3/20,73.949997
2017/3/21,74.900002
2017/3/22,74.199997
2017/3/23,74.349998
2017/3/24,74.25
2017/3/27,74.199997
2017/3/28,74.25
2017/3/29,74
2017/3/30,73.900002
2017/3/31,73.699997
2017/4/5,74.650002
2017/4/6,74.400002
2017/4/7,74.099998
2017/4/10,74.199997
2017/4/11,73.900002
2017/4/12,74.050003
2017/4/13,74.400002
2017/4/14,73.550003
2017/4/17,73.599998
2017/4/18,73.599998
2017/4/19,72.800003
2017/4/20,72.800003
2017/4/21,73.5
2017/4/24,73.650002
2017/4/25,74.349998
2017/4/26,74.550003
2017/4/27,74.5
2017/4/28,74.550003
2017/5/2,75.199997
2017/5/3,75.550003
2017/5/4,75.650002
2017/5/5,75.150002
2017/5/8,75.699997
2017/5/9,75.949997
2017/5/10,76.25
2017/5/11,76.5
2017/5/12,76.300003
2017/5/15,76.5
2017/5/16,76.5
2017/5/17,76.300003
2017/5/18,75.900002
2017/5/19,75.849998
2017/5/22,76.050003
2017/5/23,76.349998
2017/5/24,76.300003
2017/5/25,77
2017/5/26,76.949997
2017/5/31,76.5
2017/6/1,76.900002
2017/6/2,77.199997
2017/6/3,null
2017/6/5,78
2017/6/6,77.949997
2017/6/7,77.949997
2017/6/8,78.25
2017/6/9,78
2017/6/12,77.150002
2017/6/13,77.25
2017/6/14,76.849998
2017/6/15,76.900002
2017/6/16,77.699997
2017/6/19,78.550003
2017/6/20,79.449997
2017/6/21,79.550003
2017/6/22,79.75
2017/6/23,79.699997
2017/6/26,81.400002
2017/6/27,81.300003
2017/6/28,80.550003
2017/6/29,80.650002
2017/6/30,80.400002
2017/7/3,80.449997
2017/7/4,80
2017/7/5,80.75
2017/7/6,80.400002
2017/7/7,79.949997
2017/7/10,80.349998
2017/7/11,81.550003
2017/7/12,81.550003
2017/7/13,82.199997
2017/7/14,82.050003
2017/7/17,82.199997
2017/7/18,82.400002
2017/7/19,82.699997
2017/7/20,82.650002
2017/7/21,82.099998
2017/7/24,82.300003
2017/7/25,82.449997
2017/7/26,82.150002
2017/7/27,83
2017/7/28,82.099998
2017/7/31,81.349998
2017/8/1,81.800003
2017/8/2,82.5
2017/8/3,82.199997
2017/8/4,82.349998
2017/8/7,82.949997
2017/8/8,82.900002
2017/8/9,82.150002
2017/8/10,81.599998
2017/8/11,81.25
2017/8/14,80.75
2017/8/15,81.300003
2017/8/16,81
2017/8/17,81.650002
2017/8/18,81.150002
2017/8/21,81.050003
2017/8/22,81.849998
2017/8/23,81.75
2017/8/24,82.550003
2017/8/25,82.699997
2017/8/28,82.550003
2017/8/29,82.300003
2017/8/30,82.699997
2017/8/31,82.949997
2017/9/1,83
2017/9/4,82.849998
2017/9/5,82.949997
2017/9/6,82.599998
2017/9/7,82.25
2017/9/8,82.699997
2017/9/11,82.550003
2017/9/12,82.849998
2017/9/13,82.300003
2017/9/14,82.349998
2017/9/15,82.349998
2017/9/18,83.150002
2017/9/19,82.75
2017/9/20,82.199997
2017/9/21,82.699997
2017/9/22,81.599998
2017/9/25,80.949997
2017/9/26,80.300003
2017/9/27,80.699997
2017/9/28,80.400002
2017/9/29,80.650002
2017/10/2,81.5
2017/10/3,81.5
2017/10/5,81.849998
2017/10/6,82.099998
2017/10/11,83.400002
2017/10/12,84.199997
2017/10/13,84.050003
2017/10/16,84.5
2017/10/17,84.300003
2017/10/18,84.599998
2017/10/19,84.900002
2017/10/20,84.550003
2017/10/23,84.5
2017/10/24,84.400002
2017/10/25,84.349998
2017/10/26,84.25
2017/10/27,84.300003
2017/10/30,84.949997
2017/10/31,85.199997
2017/11/1,85.099998
2017/11/2,84.800003
2017/11/3,84.699997
2017/11/6,84.849998
2017/11/7,85.300003
2017/11/8,84.949997
2017/11/9,84.400002
2017/11/10,84.550003
2017/11/13,84.300003
2017/11/14,84.150002
2017/11/15,83.300003
2017/11/16,83.599998
2017/11/17,84.349998
2017/11/20,84
2017/11/21,84.75
2017/11/22,85.150002
2017/11/23,85.199997
2017/11/24,85.150002
2017/11/27,84.150002
2017/11/28,83.599998
2017/11/29,83.699997
2017/11/30,82.25
2017/12/1,82.599998
2017/12/4,82.900002
2017/12/5,82.25
2017/12/6,80.849998
2017/12/7,80.900002
2017/12/8,80.900002
2017/12/11,81.5
2017/12/12,80.949997
2017/12/13,81
2017/12/14,81.75
2017/12/15,81.099998
2017/12/18,81.199997
2017/12/19,80.800003
2017/12/20,81.050003
2017/12/21,81
2017/12/22,81.300003
2017/12/25,81.449997
2017/12/26,80.650002
2017/12/27,80.900002
2017/12/28,81.699997
2017/12/29,82.150002
2018/1/2,82.599998
2018/1/3,83.349998
2018/1/4,83.5
2018/1/5,83.75
2018/1/8,84.099998
2018/1/9,84.150002
2018/1/10,83.75
2018/1/11,83.400002
2018/1/12,84.099998
2018/1/15,84.650002
2018/1/16,85
2018/1/17,85.150002
2018/1/18,86.300003
2018/1/19,87.150002
2018/1/22,87.949997
2018/1/23,88.300003
2018/1/24,87.199997
2018/1/25,87.449997
2018/1/26,87.5
2018/1/29,85.550003
2018/1/30,84.550003
2018/1/31,84.650002
2018/2/1,85.25
2018/2/2,84.900002
2018/2/5,83.599998
2018/2/6,79.650002
2018/2/7,80.650002
2018/2/8,80.599998
2018/2/9,79.050003
2018/2/12,79.699997
2018/2/21,81.5
2018/2/22,81
2018/2/23,82
2018/2/26,82.400002
2018/2/27,82.349998
2018/3/1,81.75
2018/3/2,81.150002
2018/3/5,80.75
2018/3/6,82.150002
2018/3/7,81.800003
2018/3/8,82.75
2018/3/9,82.849998
2018/3/12,84.150002
2018/3/13,84.949997
2018/3/14,84.300003
2018/3/15,84.25
2018/3/16,83.900002
2018/3/19,83.849998
2018/3/20,83.800003
2018/3/21,83.849998
2018/3/22,83.550003
2018/3/23,82.099998
2018/3/26,82.199997
2018/3/27,83.400002
2018/3/28,82.25
2018/3/29,82.099998
2018/3/30,82.849998
2018/4/2,82.25
2018/4/3,81.5
2018/4/9,82.199997
2018/4/10,82.5
2018/4/11,82.849998
2018/4/12,82.5
2018/4/13,82.5
2018/4/16,82.300003
2018/4/17,81.400002
2018/4/18,81.599998
2018/4/19,82.650002
2018/4/20,80.75
2018/4/23,79.949997
2018/4/24,79.550003
2018/4/25,79.300003
2018/4/26,79.050003
2018/4/27,79.199997
2018/4/30,80
2018/5/2,79.400002
2018/5/3,78.550003
2018/5/4,78.949997
2018/5/7,79.5
2018/5/8,80
2018/5/9,80.449997
2018/5/10,80.650002
2018/5/11,81.599998
2018/5/14,82.5
2018/5/15,81.650002
2018/5/16,81.75
2018/5/17,81.199997
2018/5/18,80.949997
2018/5/21,82.050003
2018/5/22,81.75
2018/5/23,81.349998
2018/5/24,81.550003
2018/5/25,81.849998
2018/5/28,82.199997
2018/5/29,81.849998
2018/5/30,80.400002
2018/5/31,80.75
2018/6/1,81.349998
2018/6/4,82.599998
2018/6/5,82.5
2018/6/6,83.300003
2018/6/7,83.449997
2018/6/8,82.550003
2018/6/11,82.650002
2018/6/12,82.5
2018/6/13,83
2018/6/14,81.75
2018/6/15,81.949997
2018/6/19,80.599998
2018/6/20,81.5
2018/6/21,81.25
2018/6/22,81.150002
2018/6/25,80.900002
2018/6/26,80.699997
2018/6/27,80.400002
2018/6/28,80.050003
2018/6/29,81.449997
2018/7/2,81.050003
2018/7/3,81.150002
2018/7/4,81.400002
2018/7/5,80.75
2018/7/6,80.949997
2018/7/9,82.25
2018/7/10,82.449997
2018/7/11,81.699997
2018/7/12,82.650002
2018/7/13,83.349998
2018/7/16,83
2018/7/17,82.550003
2018/7/18,83.050003
2018/7/19,83.300003
2018/7/20,84.650002
2018/7/23,84.550003
2018/7/24,84.699997
2018/7/25,84.75
2018/7/26,85
2018/7/27,85.699997
2018/7/30,85.550003
2018/7/31,85.550003
2018/8/1,86.150002
2018/8/2,84.849998
2018/8/3,85.550003
2018/8/6,85.699997
2018/8/7,85.5
2018/8/8,86.150002
2018/8/9,86.150002
2018/8/10,85.699997
2018/8/13,83.949997
2018/8/14,84.550003
2018/8/15,83.75
2018/8/16,83.800003
2018/8/17,83.650002
2018/8/20,83.949997
2018/8/21,84.550003
2018/8/22,84.650002
2018/8/23,85.050003
2018/8/24,84.800003
2018/8/27,85.550003
2018/8/28,86.25
2018/8/29,87.25
2018/8/30,87.550003
2018/8/31,86.949997
2018/9/3,86.449997
2018/9/4,87
2018/9/5,87
2018/9/6,86.5
2018/9/7,86.400002
2018/9/10,86
2018/9/11,85.650002
2018/9/12,85.550003
2018/9/13,84.949997
2018/9/14,86.5
2018/9/17,85.849998
2018/9/18,85.400002
2018/9/19,86.150002
2018/9/20,85.900002
2018/9/21,86.849998
2018/9/25,87.099998
2018/9/26,86.900002
2018/9/27,87.349998
2018/9/28,86.900002
2018/10/1,87.349998
2018/10/2,86.050003
2018/10/3,85.949997
2018/10/4,84.900002
2018/10/5,83.449997
2018/10/8,83
2018/10/9,83.25
2018/10/11,77.400002
2018/10/12,80.050003
2018/10/15,79.199997
2018/10/16,79.300003
2018/10/17,79.400002
2018/10/18,79.150002
2018/10/19,79.300003
2018/10/22,79.199997
2018/10/23,77.75
2018/10/24,77.400002
2018/10/25,75.5
2018/10/26,75.400002
2018/10/29,75.75
2018/10/30,75.949997
2018/10/31,77.550003
2018/11/1,78.400002
2018/11/2,78.650002
2018/11/5,78.25
2018/11/6,78
2018/11/7,78.400002
2018/11/8,78.849998
2018/11/9,77.800003
2018/11/12,78
2018/11/13,77.099998
2018/11/14,77.349998
2018/11/15,77.599998
2018/11/16,76.949997
2018/11/19,76.699997
2018/11/20,76
2018/11/21,76
2018/11/22,75.599998
2018/11/23,75.349998
2018/11/26,76.150002
2018/11/27,76.050003
2018/11/28,76.900002
2018/11/29,77.050003
2018/11/30,76.75
2018/12/3,78.800003
2018/12/4,78.25
2018/12/5,76.650002
2018/12/6,75.099998
2018/12/7,75.449997
2018/12/10,74.449997
2018/12/11,75.050003
2018/12/12,76.199997
2018/12/13,76.300003
2018/12/14,75.349998
2018/12/17,75.949997
2018/12/18,75.300003
2018/12/19,75.900002
2018/12/20,75.050003
2018/12/21,75.199997
2018/12/24,74.699997
2018/12/25,73.75
2018/12/26,73.550003
2018/12/27,75.050003
2018/12/28,75.5
2019/1/2,74.050003
2019/1/3,73.349998
2019/1/4,72.199997
2019/1/7,73.949997
2019/1/8,73.650002
2019/1/9,75
2019/1/10,74.800003
2019/1/11,75.5
2019/1/14,75
2019/1/15,75.650002
2019/1/16,75.550003
2019/1/17,75.550003
2019/1/18,75.949997
2019/1/21,76.5
2019/1/22,74.050003
2019/1/23,73.699997
2019/1/24,74.050003
2019/1/25,75
2019/1/28,75.150002
2019/1/29,74.5
2019/1/30,74.349998
2019/2/11,75.150002
2019/2/12,75.650002
2019/2/13,75.5
2019/2/14,75.25
2019/2/15,75.050003
2019/2/18,75.650002
2019/2/19,75.5
2019/2/20,76.349998
2019/2/21,77.099998
2019/2/22,76.949997
2019/2/25,77.5
2019/2/26,77.699997
2019/2/27,77.650002
2019/3/4,76.949997
2019/3/5,76.75
2019/3/6,76.949997
2019/3/7,76.650002
2019/3/8,76
2019/3/11,76.150002
2019/3/12,77.25
2019/3/13,77.099998
2019/3/14,77.050003
2019/3/15,77.599998
2019/3/18,78.099998
2019/3/19,78.400002
2019/3/20,78.5
2019/3/21,79.150002
2019/3/22,79.349998
2019/3/25,78.150002
2019/3/26,78.650002
2019/3/27,78.5
2019/3/28,78.5
2019/3/29,79.150002
2019/4/1,79.849998
2019/4/2,80.150002
2019/4/3,80.150002
2019/4/8,80.900002
2019/4/9,81.400002
2019/4/10,81.5
2019/4/11,81.150002
2019/4/12,81.099998
2019/4/15,81.849998
2019/4/16,82.099998
2019/4/17,82.75
2019/4/18,82.699997
2019/4/19,82.800003
2019/4/22,82.699997
2019/4/23,83.050003
2019/4/24,83.199997
2019/4/25,83.400002
2019/4/26,82.449997
2019/4/29,82.800003
2019/4/30,82.800003
2019/5/2,83
2019/5/3,83.75
2019/5/6,82.300003
2019/5/7,83.150002
2019/5/8,82.550003
2019/5/9,81.550003
2019/5/10,81.5
2019/5/13,80.150002
2019/5/14,79.650002
2019/5/15,79.75
2019/5/16,79.050003
2019/5/17,78.25
2019/5/20,78.199997
2019/5/21,78.400002
2019/5/22,78.400002
2019/5/23,76.949997
2019/5/24,77.349998
2019/5/27,77.150002
2019/5/28,77.099998
2019/5/29,76.75
2019/5/30,77.400002
2019/5/31,78.449997
2019/6/3,78.550003
2019/6/4,78.050003
2019/6/5,78.300003
2019/6/6,77.699997
2019/6/10,79.050003
2019/6/11,79.400002
2019/6/12,79.699997
2019/6/13,79.050003
2019/6/14,78.900002
2019/6/17,78.699997
2019/6/18,78.900002
2019/6/19,80.75
2019/6/20,80.849998
2019/6/21,80.849998
2019/6/24,81.199997
2019/6/25,80.75
2019/6/26,80.349998
2019/6/27,81.5
2019/6/28,80.900002
2019/7/1,82.650002
2019/7/2,82.449997
2019/7/3,81.5
2019/7/4,82
2019/7/5,81.900002
2019/7/8,81.599998
2019/7/9,81.5
2019/7/10,82.199997
2019/7/11,82.849998
2019/7/12,82.75
2019/7/15,83.199997
2019/7/16,83.349998
2019/7/17,82.800003
2019/7/18,82.699997
2019/7/19,83
2019/7/22,83.400002
2019/7/23,83.599998
2019/7/24,83.550003
2019/7/25,83.800003
2019/7/26,83.25
2019/7/29,83.449997
2019/7/30,83.199997
2019/7/31,82.800003
2019/8/1,82.300003
2019/8/2,80.949997
2019/8/5,80.150002
2019/8/6,80.099998
2019/8/7,79.699997
2019/8/8,80.650002
2019/8/12,80.599998
2019/8/13,79.699997
2019/8/14,80.300003
2019/8/15,79.400002
2019/8/16,80.349998
2019/8/19,80.800003
2019/8/20,81
2019/8/21,81.099998
2019/8/22,null
2019/8/23,81
2019/8/26,79.650002
2019/8/27,79.849998
2019/8/28,80.400002
2019/8/29,80.550003
2019/8/30,81.849998
2019/9/2,81.900002
2019/9/3,81.199997
2019/9/4,82.150002
2019/9/5,83
2019/9/6,83.5
2019/9/10,83.400002
2019/9/11,83.449997
2019/9/12,83.900002
2019/9/16,84.400002
2019/9/17,84.25
2019/9/18,84.949997
2019/9/19,84.449997
2019/9/20,84.699997
2019/9/23,84.5
2019/9/24,84.650002
2019/9/25,84.099998
2019/9/26,84.300003
2019/9/27,84.599998
2019/10/1,null
2019/10/2,85.650002
2019/10/3,84.800003
2019/10/4,85.150002
2019/10/7,85.449997
2019/10/8,86.5
2019/10/9,85.800003
2019/10/14,87.550003
2019/10/15,87.699997
2019/10/16,88.099998
2019/10/17,88.150002
2019/10/18,87.949997
2019/10/21,87.849998
2019/10/22,88.699997
2019/10/23,88.449997
2019/10/24,88.800003
2019/10/25,88.800003
2019/10/28,89.199997
2019/10/29,89.449997
2019/10/30,89.849998
2019/10/31,90.099998
2019/11/1,90.099998
2019/11/4,92.199997
2019/11/5,92.900002
2019/11/6,93.349998
2019/11/7,92.849998
2019/11/8,92.550003
2019/11/11,91.150002
2019/11/12,92
2019/11/13,91.449997
2019/11/14,91.400002
2019/11/15,92.300003
2019/11/18,92.900002
2019/11/19,93.599998
2019/11/20,93.25
2019/11/21,92.5
2019/11/22,92.550003
